-- MySQL dump 10.13  Distrib 5.7.12, for Win64 (x86_64)
--
-- Host: localhost    Database: complaint_resolution_db
-- ------------------------------------------------------
-- Server version	5.6.22-log

/*!40101 SET @OLD_CHARACTER_SET_CLIENT=@@CHARACTER_SET_CLIENT */;
/*!40101 SET @OLD_CHARACTER_SET_RESULTS=@@CHARACTER_SET_RESULTS */;
/*!40101 SET @OLD_COLLATION_CONNECTION=@@COLLATION_CONNECTION */;
/*!40101 SET NAMES utf8 */;
/*!40103 SET @OLD_TIME_ZONE=@@TIME_ZONE */;
/*!40103 SET TIME_ZONE='+00:00' */;
/*!40014 SET @OLD_UNIQUE_CHECKS=@@UNIQUE_CHECKS, UNIQUE_CHECKS=0 */;
/*!40014 SET @OLD_FOREIGN_KEY_CHECKS=@@FOREIGN_KEY_CHECKS, FOREIGN_KEY_CHECKS=0 */;
/*!40101 SET @OLD_SQL_MODE=@@SQL_MODE, SQL_MODE='NO_AUTO_VALUE_ON_ZERO' */;
/*!40111 SET @OLD_SQL_NOTES=@@SQL_NOTES, SQL_NOTES=0 */;

--
-- Table structure for table `admin_login_dtls`
--

DROP TABLE IF EXISTS `admin_login_dtls`;
/*!40101 SET @saved_cs_client     = @@character_set_client */;
/*!40101 SET character_set_client = utf8 */;
CREATE TABLE `admin_login_dtls` (
  `ADMIN_LOGIN_DTLS_ID` char(36) NOT NULL,
  `SOCIETY_DTLS_ID` int(11) DEFAULT NULL,
  `USER_NAME` varchar(100) DEFAULT NULL,
  `PASSWORD` varchar(200) DEFAULT NULL,
  `CHANGE_PASSWORD` enum('Y','N') DEFAULT NULL,
  `EMAIL_ID` varchar(50) DEFAULT NULL,
  `IS_ACTIVE` enum('Y','N') DEFAULT NULL,
  `IS_DETAILS_ADDED` enum('Y','N') DEFAULT 'N',
  `CREATED_TS` timestamp NULL DEFAULT CURRENT_TIMESTAMP,
  `MODIFIED_TS` timestamp NULL DEFAULT CURRENT_TIMESTAMP ON UPDATE CURRENT_TIMESTAMP,
  `CREATED_BY` char(36) DEFAULT NULL,
  `MODIFIED_BY` char(36) DEFAULT NULL,
  PRIMARY KEY (`ADMIN_LOGIN_DTLS_ID`)
) ENGINE=InnoDB DEFAULT CHARSET=utf8;
/*!40101 SET character_set_client = @saved_cs_client */;

--
-- Dumping data for table `admin_login_dtls`
--

LOCK TABLES `admin_login_dtls` WRITE;
/*!40000 ALTER TABLE `admin_login_dtls` DISABLE KEYS */;
INSERT INTO `admin_login_dtls` VALUES ('41168ae8-c1c4-11e6-98c5-f0761c6b319e',7,'admin@gmail.com','5b40578a52b7023b814a49c8a8f695a30c51ad283f367a39d6e4de5c4ea19af4a013c82d2ca5ecba','Y',NULL,'Y','Y',NULL,'2017-02-08 11:58:16',NULL,NULL);
/*!40000 ALTER TABLE `admin_login_dtls` ENABLE KEYS */;
UNLOCK TABLES;

--
-- Table structure for table `admin_message_dtls`
--

DROP TABLE IF EXISTS `admin_message_dtls`;
/*!40101 SET @saved_cs_client     = @@character_set_client */;
/*!40101 SET character_set_client = utf8 */;
CREATE TABLE `admin_message_dtls` (
  `ADMIN_MESSAGE_DTLS_ID` int(11) NOT NULL AUTO_INCREMENT,
  `RECIEVER_FLAT_DTLS_ID` int(11) DEFAULT NULL,
  `MESSAGE` varchar(100) DEFAULT NULL,
  `COMNTN_TYPE` enum('send','receive') DEFAULT NULL,
  `IS_READ` enum('y','n') DEFAULT NULL,
  `IS_REPLIED` enum('y','n') DEFAULT NULL,
  `MESSAGE_STATUS` enum('active','inactive') DEFAULT NULL,
  `IS_SENDER_MSSG_DELETED` enum('y','n') DEFAULT NULL,
  `IS_RECIEVER_MSSG_DELETED` enum('y','n') DEFAULT NULL,
  `CREATED_TS` timestamp NULL DEFAULT NULL,
  `MODIFIED_TS` timestamp NULL DEFAULT NULL,
  `CREATED_BY` char(36) DEFAULT NULL,
  `MODIFIED_BY` char(36) DEFAULT NULL,
  PRIMARY KEY (`ADMIN_MESSAGE_DTLS_ID`),
  KEY `fk_flat_details_idx` (`RECIEVER_FLAT_DTLS_ID`)
) ENGINE=InnoDB DEFAULT CHARSET=utf8;
/*!40101 SET character_set_client = @saved_cs_client */;

--
-- Dumping data for table `admin_message_dtls`
--

LOCK TABLES `admin_message_dtls` WRITE;
/*!40000 ALTER TABLE `admin_message_dtls` DISABLE KEYS */;
/*!40000 ALTER TABLE `admin_message_dtls` ENABLE KEYS */;
UNLOCK TABLES;

--
-- Table structure for table `admin_roles_dtls`
--

DROP TABLE IF EXISTS `admin_roles_dtls`;
/*!40101 SET @saved_cs_client     = @@character_set_client */;
/*!40101 SET character_set_client = utf8 */;
CREATE TABLE `admin_roles_dtls` (
  `ADMIN_ROLES_DTLS_ID` int(11) NOT NULL AUTO_INCREMENT,
  `ADMIN_LOGIN_DTLS_ID` char(36) DEFAULT NULL,
  `ROLES_MASTER_ID` int(11) DEFAULT NULL,
  `IS_ACTIVE` enum('y','n') DEFAULT NULL,
  `CREATED_TS` timestamp NULL DEFAULT NULL,
  `MODIFIED_TS` timestamp NULL DEFAULT NULL,
  `CREATED_BY` char(36) DEFAULT NULL,
  `MODIFIED_BY` char(36) DEFAULT NULL,
  PRIMARY KEY (`ADMIN_ROLES_DTLS_ID`)
) ENGINE=InnoDB AUTO_INCREMENT=2 DEFAULT CHARSET=utf8;
/*!40101 SET character_set_client = @saved_cs_client */;

--
-- Dumping data for table `admin_roles_dtls`
--

LOCK TABLES `admin_roles_dtls` WRITE;
/*!40000 ALTER TABLE `admin_roles_dtls` DISABLE KEYS */;
INSERT INTO `admin_roles_dtls` VALUES (1,'41168ae8-c1c4-11e6-98c5-f0761c6b319e',1,'y',NULL,NULL,NULL,NULL);
/*!40000 ALTER TABLE `admin_roles_dtls` ENABLE KEYS */;
UNLOCK TABLES;

--
-- Table structure for table `area_dtls`
--

DROP TABLE IF EXISTS `area_dtls`;
/*!40101 SET @saved_cs_client     = @@character_set_client */;
/*!40101 SET character_set_client = utf8 */;
CREATE TABLE `area_dtls` (
  `AREA_DTLS_ID` int(11) NOT NULL AUTO_INCREMENT,
  `CITY_DTLS_ID` int(11) DEFAULT NULL,
  `AREA_NM` varchar(50) DEFAULT NULL,
  `AREA_DESC` varchar(300) DEFAULT NULL,
  `AREA_CODE` varchar(5) DEFAULT NULL,
  `AREA_PINCODE` int(11) DEFAULT NULL,
  `LONGITUDE` decimal(10,7) DEFAULT NULL,
  `LATITUDE` decimal(10,7) DEFAULT NULL,
  `IS_ACTIVE` enum('Y','N') DEFAULT NULL,
  `CREATED_TS` timestamp NULL DEFAULT CURRENT_TIMESTAMP,
  `MODIFIED_TS` timestamp NULL DEFAULT CURRENT_TIMESTAMP ON UPDATE CURRENT_TIMESTAMP,
  `CREATED_BY` char(36) DEFAULT NULL,
  `MODIFIED_BY` char(36) DEFAULT NULL,
  PRIMARY KEY (`AREA_DTLS_ID`),
  KEY `fk_city_dtls_id.._idx` (`CITY_DTLS_ID`),
  CONSTRAINT `fk_city_dtls_id..` FOREIGN KEY (`CITY_DTLS_ID`) REFERENCES `city_dtls` (`CITY_DTLS_ID`) ON DELETE NO ACTION ON UPDATE NO ACTION
) ENGINE=InnoDB AUTO_INCREMENT=7 DEFAULT CHARSET=utf8;
/*!40101 SET character_set_client = @saved_cs_client */;

--
-- Dumping data for table `area_dtls`
--

LOCK TABLES `area_dtls` WRITE;
/*!40000 ALTER TABLE `area_dtls` DISABLE KEYS */;
INSERT INTO `area_dtls` VALUES (1,1,'Belgaum',NULL,NULL,591213,NULL,NULL,'Y','2017-02-06 14:45:17','2017-02-06 14:51:54',NULL,NULL),(2,1,'Chikodi',NULL,NULL,591213,NULL,NULL,'Y','2017-02-06 14:45:17','2017-02-06 14:51:54',NULL,NULL),(3,1,'Nipani',NULL,NULL,591213,NULL,NULL,'Y','2017-02-06 14:45:17','2017-02-06 14:51:54',NULL,NULL),(4,3,'Shivaji Nagar',NULL,NULL,591213,NULL,NULL,'Y','2017-02-06 14:45:17','2017-02-06 14:51:54',NULL,NULL),(5,3,'Deccan',NULL,NULL,591213,NULL,NULL,'Y','2017-02-06 14:45:17','2017-02-06 14:51:54',NULL,NULL),(6,3,'Katraj',NULL,NULL,591213,NULL,NULL,'Y','2017-02-06 14:45:17','2017-02-06 14:51:54',NULL,NULL);
/*!40000 ALTER TABLE `area_dtls` ENABLE KEYS */;
UNLOCK TABLES;

--
-- Table structure for table `building_dtls`
--

DROP TABLE IF EXISTS `building_dtls`;
/*!40101 SET @saved_cs_client     = @@character_set_client */;
/*!40101 SET character_set_client = utf8 */;
CREATE TABLE `building_dtls` (
  `BUILDING_DTLS_ID` int(11) NOT NULL AUTO_INCREMENT,
  `SOCIETY_DTLS_ID` int(11) DEFAULT NULL,
  `BUILDING_NM` varchar(100) DEFAULT NULL,
  `NUM_OF_FLOORS` int(11) DEFAULT NULL,
  `NUM_OF_FLATS_PER_FLOOR` int(11) DEFAULT NULL,
  `FLAT_START_NUM` int(11) DEFAULT NULL,
  `IS_ACTIVE` enum('y','n') DEFAULT NULL,
  `CREATED_TS` timestamp NULL DEFAULT NULL,
  `MODIFIED_TS` timestamp NULL DEFAULT NULL,
  `CREATED_BY` char(36) DEFAULT NULL,
  `MODIFIED_BY` char(36) DEFAULT NULL,
  PRIMARY KEY (`BUILDING_DTLS_ID`),
  KEY `fk_building_dtls_idx` (`SOCIETY_DTLS_ID`),
  CONSTRAINT `fk_building_dtls` FOREIGN KEY (`SOCIETY_DTLS_ID`) REFERENCES `society_dtls` (`SOCIETY_DTLS_ID`) ON DELETE CASCADE ON UPDATE CASCADE
) ENGINE=InnoDB AUTO_INCREMENT=18 DEFAULT CHARSET=utf8;
/*!40101 SET character_set_client = @saved_cs_client */;

--
-- Dumping data for table `building_dtls`
--

LOCK TABLES `building_dtls` WRITE;
/*!40000 ALTER TABLE `building_dtls` DISABLE KEYS */;
INSERT INTO `building_dtls` VALUES (14,7,'Pritam Heights',10,11,10,'y',NULL,NULL,'41168ae8-c1c4-11e6-98c5-f0761c6b319e',NULL),(15,7,'Shrushti ',5,5,5,'y',NULL,NULL,'41168ae8-c1c4-11e6-98c5-f0761c6b319e',NULL),(16,7,'AION',9,5,2,'y',NULL,NULL,'41168ae8-c1c4-11e6-98c5-f0761c6b319e',NULL),(17,7,'MANIN',5,5,1,'y',NULL,NULL,'41168ae8-c1c4-11e6-98c5-f0761c6b319e',NULL);
/*!40000 ALTER TABLE `building_dtls` ENABLE KEYS */;
UNLOCK TABLES;

--
-- Table structure for table `city_dtls`
--

DROP TABLE IF EXISTS `city_dtls`;
/*!40101 SET @saved_cs_client     = @@character_set_client */;
/*!40101 SET character_set_client = utf8 */;
CREATE TABLE `city_dtls` (
  `CITY_DTLS_ID` int(11) NOT NULL AUTO_INCREMENT,
  `STATE_DTLS_ID` int(11) DEFAULT NULL,
  `CITY_NM` varchar(50) DEFAULT NULL,
  `CITY_DESC` varchar(300) DEFAULT NULL,
  `LONGITUDE` decimal(10,7) DEFAULT NULL,
  `LATITUDE` decimal(10,7) DEFAULT NULL,
  `IS_ACTIVE` enum('Y','N') DEFAULT NULL,
  `CREATED_TS` timestamp NULL DEFAULT CURRENT_TIMESTAMP,
  `MODIFIED_TS` timestamp NULL DEFAULT CURRENT_TIMESTAMP ON UPDATE CURRENT_TIMESTAMP,
  `CREATED_BY` char(36) DEFAULT NULL,
  `MODIFIED_BY` char(36) DEFAULT NULL,
  PRIMARY KEY (`CITY_DTLS_ID`),
  KEY `fk_DISTRICT_DTLS_ID_idx` (`STATE_DTLS_ID`),
  CONSTRAINT `fk_DISTRICT_DTLS_ID` FOREIGN KEY (`STATE_DTLS_ID`) REFERENCES `state_dtls` (`STATE_DTLS_ID`) ON DELETE NO ACTION ON UPDATE NO ACTION
) ENGINE=InnoDB AUTO_INCREMENT=5 DEFAULT CHARSET=utf8;
/*!40101 SET character_set_client = @saved_cs_client */;

--
-- Dumping data for table `city_dtls`
--

LOCK TABLES `city_dtls` WRITE;
/*!40000 ALTER TABLE `city_dtls` DISABLE KEYS */;
INSERT INTO `city_dtls` VALUES (1,5,'Belgaum',NULL,NULL,NULL,NULL,'2017-02-06 14:43:39','2017-02-06 14:43:39',NULL,NULL),(2,5,'Hubli',NULL,NULL,NULL,NULL,'2017-02-06 14:43:39','2017-02-06 14:43:39',NULL,NULL),(3,6,'Pune',NULL,NULL,NULL,NULL,'2017-02-06 14:43:39','2017-02-06 14:43:39',NULL,NULL),(4,6,'Satara',NULL,NULL,NULL,NULL,'2017-02-06 14:43:39','2017-02-06 14:43:39',NULL,NULL);
/*!40000 ALTER TABLE `city_dtls` ENABLE KEYS */;
UNLOCK TABLES;

--
-- Table structure for table `complaint_category_master`
--

DROP TABLE IF EXISTS `complaint_category_master`;
/*!40101 SET @saved_cs_client     = @@character_set_client */;
/*!40101 SET character_set_client = utf8 */;
CREATE TABLE `complaint_category_master` (
  `COMPLAINT_CATEGORY_ID` int(11) NOT NULL AUTO_INCREMENT,
  `PID` int(11) DEFAULT NULL,
  `CATEGORY_NM` varchar(50) DEFAULT NULL,
  `CATEGORY_DESCRIPTION` varchar(100) DEFAULT NULL,
  `IS_ACTIVE` enum('Y','N') DEFAULT NULL,
  `CREATED_TS` timestamp NULL DEFAULT CURRENT_TIMESTAMP,
  `MODIFIED_TS` timestamp NULL DEFAULT CURRENT_TIMESTAMP ON UPDATE CURRENT_TIMESTAMP,
  `CREATED_BY` char(36) DEFAULT NULL,
  `MODIFIED_BY` char(36) DEFAULT NULL,
  PRIMARY KEY (`COMPLAINT_CATEGORY_ID`)
) ENGINE=InnoDB AUTO_INCREMENT=4 DEFAULT CHARSET=utf8;
/*!40101 SET character_set_client = @saved_cs_client */;

--
-- Dumping data for table `complaint_category_master`
--

LOCK TABLES `complaint_category_master` WRITE;
/*!40000 ALTER TABLE `complaint_category_master` DISABLE KEYS */;
INSERT INTO `complaint_category_master` VALUES (1,NULL,'AC updt','AC Compalint Category','Y',NULL,NULL,NULL,NULL),(2,NULL,'Water updt','Water Complaint  updt','N',NULL,NULL,NULL,NULL),(3,NULL,'Electricity  updt','Electricity  Problem updt','Y',NULL,NULL,NULL,NULL);
/*!40000 ALTER TABLE `complaint_category_master` ENABLE KEYS */;
UNLOCK TABLES;

--
-- Table structure for table `complaint_category_template_master`
--

DROP TABLE IF EXISTS `complaint_category_template_master`;
/*!40101 SET @saved_cs_client     = @@character_set_client */;
/*!40101 SET character_set_client = utf8 */;
CREATE TABLE `complaint_category_template_master` (
  `COMPLAINT_CATEGORY_TEMPLATE_ID` int(11) NOT NULL AUTO_INCREMENT,
  `COMPLAINT_CATEGORY_ID` int(11) DEFAULT NULL,
  `TEMPLATE` varchar(100) DEFAULT NULL,
  `IS_ACTIVE` enum('Y','N') DEFAULT NULL,
  `CREATED_TS` timestamp NULL DEFAULT CURRENT_TIMESTAMP,
  `MODIFIED_TS` timestamp NULL DEFAULT CURRENT_TIMESTAMP ON UPDATE CURRENT_TIMESTAMP,
  `CREATED_BY` char(36) DEFAULT NULL,
  `MODIFIED_BY` char(36) DEFAULT NULL,
  PRIMARY KEY (`COMPLAINT_CATEGORY_TEMPLATE_ID`)
) ENGINE=InnoDB AUTO_INCREMENT=7 DEFAULT CHARSET=utf8;
/*!40101 SET character_set_client = @saved_cs_client */;

--
-- Dumping data for table `complaint_category_template_master`
--

LOCK TABLES `complaint_category_template_master` WRITE;
/*!40000 ALTER TABLE `complaint_category_template_master` DISABLE KEYS */;
INSERT INTO `complaint_category_template_master` VALUES (1,1,'power supply problem updt','N',NULL,NULL,NULL,'41168ae8-c1c4-11e6-98c5-f0761c6b319e'),(2,2,'water supply problem','Y',NULL,NULL,NULL,'41168ae8-c1c4-11e6-98c5-f0761c6b319e'),(3,3,'Electricity supply problem','Y',NULL,NULL,NULL,NULL),(4,1,'AC Heating problem','Y',NULL,NULL,'41168ae8-c1c4-11e6-98c5-f0761c6b319e',NULL),(5,3,'Electricity problem','N',NULL,NULL,'41168ae8-c1c4-11e6-98c5-f0761c6b319e',NULL),(6,3,'Elcec problem','N',NULL,NULL,'41168ae8-c1c4-11e6-98c5-f0761c6b319e',NULL);
/*!40000 ALTER TABLE `complaint_category_template_master` ENABLE KEYS */;
UNLOCK TABLES;

--
-- Table structure for table `complaint_dtls`
--

DROP TABLE IF EXISTS `complaint_dtls`;
/*!40101 SET @saved_cs_client     = @@character_set_client */;
/*!40101 SET character_set_client = utf8 */;
CREATE TABLE `complaint_dtls` (
  `COMPLAINT_DTLS_ID` int(11) NOT NULL AUTO_INCREMENT,
  `FLAT_DTLS_ID` int(11) DEFAULT NULL,
  `COMPLAINT_CATEGORY_ID` int(11) DEFAULT NULL,
  `COMPLAINT_CATEGORY_TEMPLATE_ID` int(11) DEFAULT NULL,
  `DESCRIPTION` int(11) DEFAULT NULL,
  `ASGN_VENDOR_DTLS_ID` int(11) DEFAULT NULL,
  `ASSIGNED_TS` timestamp NULL DEFAULT NULL,
  `EXP_RESOLUTION_TS` timestamp NULL DEFAULT NULL,
  `ACT_RESOLUTION_TS` timestamp NULL DEFAULT NULL,
  `FEEDBACK` varchar(200) DEFAULT NULL,
  `STATUS_CD` int(11) DEFAULT NULL,
  `CANCEL_REASON` varchar(200) DEFAULT NULL,
  `CANCEL_TS` timestamp NULL DEFAULT NULL,
  `CREATED_TS` timestamp NULL DEFAULT NULL,
  `MODIFIED_TS` timestamp NULL DEFAULT NULL,
  `CREATED_BY` char(36) DEFAULT NULL,
  `MODIFIED_BY` char(36) DEFAULT NULL,
  PRIMARY KEY (`COMPLAINT_DTLS_ID`)
) ENGINE=InnoDB DEFAULT CHARSET=utf8;
/*!40101 SET character_set_client = @saved_cs_client */;

--
-- Dumping data for table `complaint_dtls`
--

LOCK TABLES `complaint_dtls` WRITE;
/*!40000 ALTER TABLE `complaint_dtls` DISABLE KEYS */;
/*!40000 ALTER TABLE `complaint_dtls` ENABLE KEYS */;
UNLOCK TABLES;

--
-- Table structure for table `country_dtls`
--

DROP TABLE IF EXISTS `country_dtls`;
/*!40101 SET @saved_cs_client     = @@character_set_client */;
/*!40101 SET character_set_client = utf8 */;
CREATE TABLE `country_dtls` (
  `COUNTRY_DTLS_ID` int(11) NOT NULL AUTO_INCREMENT,
  `COUNTRY_NM` varchar(50) DEFAULT NULL,
  `COUNTRY_DESC` varchar(300) DEFAULT NULL,
  `COUNTRY_CD` varchar(5) DEFAULT NULL,
  `IS_ACTIVE` enum('Y','N') DEFAULT NULL,
  `CREATED_TS` timestamp NULL DEFAULT CURRENT_TIMESTAMP,
  `MODIFIED_TS` timestamp NULL DEFAULT CURRENT_TIMESTAMP ON UPDATE CURRENT_TIMESTAMP,
  `CREATED_BY` char(36) DEFAULT NULL,
  `MODIFIED_BY` char(36) DEFAULT NULL,
  PRIMARY KEY (`COUNTRY_DTLS_ID`)
) ENGINE=InnoDB AUTO_INCREMENT=2 DEFAULT CHARSET=utf8;
/*!40101 SET character_set_client = @saved_cs_client */;

--
-- Dumping data for table `country_dtls`
--

LOCK TABLES `country_dtls` WRITE;
/*!40000 ALTER TABLE `country_dtls` DISABLE KEYS */;
INSERT INTO `country_dtls` VALUES (1,'India',NULL,NULL,'Y','2017-02-06 14:13:06','2017-02-06 14:13:06',NULL,NULL);
/*!40000 ALTER TABLE `country_dtls` ENABLE KEYS */;
UNLOCK TABLES;

--
-- Table structure for table `flat_dtls`
--

DROP TABLE IF EXISTS `flat_dtls`;
/*!40101 SET @saved_cs_client     = @@character_set_client */;
/*!40101 SET character_set_client = utf8 */;
CREATE TABLE `flat_dtls` (
  `FLAT_DTLS_ID` int(11) NOT NULL AUTO_INCREMENT,
  `SOCIETY_DTLS_ID` int(11) DEFAULT NULL,
  `BUILDING_DTLS_ID` int(11) DEFAULT NULL,
  `UNIQUE_IDENTIFIER` varchar(100) DEFAULT NULL,
  `FLOOR_NUM` int(11) DEFAULT NULL,
  `FLAT_NUM` int(11) DEFAULT NULL,
  `IS_ACTIVE` enum('Y','N') DEFAULT NULL,
  `CREATED_TS` timestamp NULL DEFAULT CURRENT_TIMESTAMP,
  `MODIFIED_TS` timestamp NULL DEFAULT CURRENT_TIMESTAMP ON UPDATE CURRENT_TIMESTAMP,
  `CREATED_BY` char(36) DEFAULT NULL,
  `MODIFIED_BY` char(36) DEFAULT NULL,
  PRIMARY KEY (`FLAT_DTLS_ID`)
) ENGINE=InnoDB AUTO_INCREMENT=821 DEFAULT CHARSET=utf8;
/*!40101 SET character_set_client = @saved_cs_client */;

--
-- Dumping data for table `flat_dtls`
--

LOCK TABLES `flat_dtls` WRITE;
/*!40000 ALTER TABLE `flat_dtls` DISABLE KEYS */;
INSERT INTO `flat_dtls` VALUES (616,7,14,NULL,1,110,'N','2017-02-08 11:58:14','2017-02-08 11:58:14','41168ae8-c1c4-11e6-98c5-f0761c6b319e',NULL),(617,7,14,NULL,1,111,'N','2017-02-08 11:58:14','2017-02-08 11:58:14','41168ae8-c1c4-11e6-98c5-f0761c6b319e',NULL),(618,7,14,'12345666',1,112,'Y','2017-02-08 11:58:14','2017-02-08 14:02:27','41168ae8-c1c4-11e6-98c5-f0761c6b319e',NULL),(619,7,14,NULL,1,113,'N','2017-02-08 11:58:14','2017-02-08 11:58:14','41168ae8-c1c4-11e6-98c5-f0761c6b319e',NULL),(620,7,14,NULL,1,114,'N','2017-02-08 11:58:14','2017-02-08 11:58:14','41168ae8-c1c4-11e6-98c5-f0761c6b319e',NULL),(621,7,14,NULL,1,115,'N','2017-02-08 11:58:14','2017-02-08 11:58:14','41168ae8-c1c4-11e6-98c5-f0761c6b319e',NULL),(622,7,14,NULL,1,116,'N','2017-02-08 11:58:14','2017-02-08 11:58:14','41168ae8-c1c4-11e6-98c5-f0761c6b319e',NULL),(623,7,14,NULL,1,117,'N','2017-02-08 11:58:14','2017-02-08 11:58:14','41168ae8-c1c4-11e6-98c5-f0761c6b319e',NULL),(624,7,14,NULL,1,118,'N','2017-02-08 11:58:14','2017-02-08 11:58:14','41168ae8-c1c4-11e6-98c5-f0761c6b319e',NULL),(625,7,14,NULL,1,119,'N','2017-02-08 11:58:14','2017-02-08 11:58:14','41168ae8-c1c4-11e6-98c5-f0761c6b319e',NULL),(626,7,14,NULL,1,120,'N','2017-02-08 11:58:14','2017-02-08 11:58:14','41168ae8-c1c4-11e6-98c5-f0761c6b319e',NULL),(627,7,14,NULL,2,210,'N','2017-02-08 11:58:14','2017-02-08 11:58:14','41168ae8-c1c4-11e6-98c5-f0761c6b319e',NULL),(628,7,14,NULL,2,211,'N','2017-02-08 11:58:14','2017-02-08 11:58:14','41168ae8-c1c4-11e6-98c5-f0761c6b319e',NULL),(629,7,14,NULL,2,212,'N','2017-02-08 11:58:14','2017-02-08 11:58:14','41168ae8-c1c4-11e6-98c5-f0761c6b319e',NULL),(630,7,14,NULL,2,213,'N','2017-02-08 11:58:14','2017-02-08 11:58:14','41168ae8-c1c4-11e6-98c5-f0761c6b319e',NULL),(631,7,14,NULL,2,214,'N','2017-02-08 11:58:14','2017-02-08 11:58:14','41168ae8-c1c4-11e6-98c5-f0761c6b319e',NULL),(632,7,14,NULL,2,215,'N','2017-02-08 11:58:14','2017-02-08 11:58:14','41168ae8-c1c4-11e6-98c5-f0761c6b319e',NULL),(633,7,14,NULL,2,216,'N','2017-02-08 11:58:14','2017-02-08 11:58:14','41168ae8-c1c4-11e6-98c5-f0761c6b319e',NULL),(634,7,14,NULL,2,217,'N','2017-02-08 11:58:14','2017-02-08 11:58:14','41168ae8-c1c4-11e6-98c5-f0761c6b319e',NULL),(635,7,14,NULL,2,218,'N','2017-02-08 11:58:14','2017-02-08 11:58:14','41168ae8-c1c4-11e6-98c5-f0761c6b319e',NULL),(636,7,14,NULL,2,219,'N','2017-02-08 11:58:14','2017-02-08 11:58:14','41168ae8-c1c4-11e6-98c5-f0761c6b319e',NULL),(637,7,14,NULL,2,220,'N','2017-02-08 11:58:14','2017-02-08 11:58:14','41168ae8-c1c4-11e6-98c5-f0761c6b319e',NULL),(638,7,14,NULL,3,310,'N','2017-02-08 11:58:14','2017-02-08 11:58:14','41168ae8-c1c4-11e6-98c5-f0761c6b319e',NULL),(639,7,14,NULL,3,311,'N','2017-02-08 11:58:14','2017-02-08 11:58:14','41168ae8-c1c4-11e6-98c5-f0761c6b319e',NULL),(640,7,14,NULL,3,312,'N','2017-02-08 11:58:14','2017-02-08 11:58:14','41168ae8-c1c4-11e6-98c5-f0761c6b319e',NULL),(641,7,14,NULL,3,313,'N','2017-02-08 11:58:14','2017-02-08 11:58:14','41168ae8-c1c4-11e6-98c5-f0761c6b319e',NULL),(642,7,14,NULL,3,314,'N','2017-02-08 11:58:14','2017-02-08 11:58:14','41168ae8-c1c4-11e6-98c5-f0761c6b319e',NULL),(643,7,14,NULL,3,315,'N','2017-02-08 11:58:14','2017-02-08 11:58:14','41168ae8-c1c4-11e6-98c5-f0761c6b319e',NULL),(644,7,14,NULL,3,316,'N','2017-02-08 11:58:14','2017-02-08 11:58:14','41168ae8-c1c4-11e6-98c5-f0761c6b319e',NULL),(645,7,14,NULL,3,317,'N','2017-02-08 11:58:14','2017-02-08 11:58:14','41168ae8-c1c4-11e6-98c5-f0761c6b319e',NULL),(646,7,14,NULL,3,318,'N','2017-02-08 11:58:14','2017-02-08 11:58:14','41168ae8-c1c4-11e6-98c5-f0761c6b319e',NULL),(647,7,14,NULL,3,319,'N','2017-02-08 11:58:14','2017-02-08 11:58:14','41168ae8-c1c4-11e6-98c5-f0761c6b319e',NULL),(648,7,14,NULL,3,320,'N','2017-02-08 11:58:14','2017-02-08 11:58:14','41168ae8-c1c4-11e6-98c5-f0761c6b319e',NULL),(649,7,14,NULL,4,410,'N','2017-02-08 11:58:14','2017-02-08 11:58:14','41168ae8-c1c4-11e6-98c5-f0761c6b319e',NULL),(650,7,14,NULL,4,411,'N','2017-02-08 11:58:14','2017-02-08 11:58:14','41168ae8-c1c4-11e6-98c5-f0761c6b319e',NULL),(651,7,14,NULL,4,412,'N','2017-02-08 11:58:14','2017-02-08 11:58:14','41168ae8-c1c4-11e6-98c5-f0761c6b319e',NULL),(652,7,14,NULL,4,413,'N','2017-02-08 11:58:14','2017-02-08 11:58:14','41168ae8-c1c4-11e6-98c5-f0761c6b319e',NULL),(653,7,14,NULL,4,414,'N','2017-02-08 11:58:14','2017-02-08 11:58:14','41168ae8-c1c4-11e6-98c5-f0761c6b319e',NULL),(654,7,14,NULL,4,415,'N','2017-02-08 11:58:14','2017-02-08 11:58:14','41168ae8-c1c4-11e6-98c5-f0761c6b319e',NULL),(655,7,14,NULL,4,416,'N','2017-02-08 11:58:14','2017-02-08 11:58:14','41168ae8-c1c4-11e6-98c5-f0761c6b319e',NULL),(656,7,14,NULL,4,417,'N','2017-02-08 11:58:14','2017-02-08 11:58:14','41168ae8-c1c4-11e6-98c5-f0761c6b319e',NULL),(657,7,14,NULL,4,418,'N','2017-02-08 11:58:14','2017-02-08 11:58:14','41168ae8-c1c4-11e6-98c5-f0761c6b319e',NULL),(658,7,14,NULL,4,419,'N','2017-02-08 11:58:14','2017-02-08 11:58:14','41168ae8-c1c4-11e6-98c5-f0761c6b319e',NULL),(659,7,14,NULL,4,420,'N','2017-02-08 11:58:14','2017-02-08 11:58:14','41168ae8-c1c4-11e6-98c5-f0761c6b319e',NULL),(660,7,14,NULL,5,510,'N','2017-02-08 11:58:14','2017-02-08 11:58:14','41168ae8-c1c4-11e6-98c5-f0761c6b319e',NULL),(661,7,14,NULL,5,511,'N','2017-02-08 11:58:14','2017-02-08 11:58:14','41168ae8-c1c4-11e6-98c5-f0761c6b319e',NULL),(662,7,14,NULL,5,512,'N','2017-02-08 11:58:14','2017-02-08 11:58:14','41168ae8-c1c4-11e6-98c5-f0761c6b319e',NULL),(663,7,14,NULL,5,513,'N','2017-02-08 11:58:14','2017-02-08 11:58:14','41168ae8-c1c4-11e6-98c5-f0761c6b319e',NULL),(664,7,14,NULL,5,514,'N','2017-02-08 11:58:14','2017-02-08 11:58:14','41168ae8-c1c4-11e6-98c5-f0761c6b319e',NULL),(665,7,14,NULL,5,515,'N','2017-02-08 11:58:14','2017-02-08 11:58:14','41168ae8-c1c4-11e6-98c5-f0761c6b319e',NULL),(666,7,14,NULL,5,516,'N','2017-02-08 11:58:14','2017-02-08 11:58:14','41168ae8-c1c4-11e6-98c5-f0761c6b319e',NULL),(667,7,14,NULL,5,517,'N','2017-02-08 11:58:14','2017-02-08 11:58:14','41168ae8-c1c4-11e6-98c5-f0761c6b319e',NULL),(668,7,14,NULL,5,518,'N','2017-02-08 11:58:14','2017-02-08 11:58:14','41168ae8-c1c4-11e6-98c5-f0761c6b319e',NULL),(669,7,14,NULL,5,519,'N','2017-02-08 11:58:14','2017-02-08 11:58:14','41168ae8-c1c4-11e6-98c5-f0761c6b319e',NULL),(670,7,14,NULL,5,520,'N','2017-02-08 11:58:14','2017-02-08 11:58:14','41168ae8-c1c4-11e6-98c5-f0761c6b319e',NULL),(671,7,14,NULL,6,610,'N','2017-02-08 11:58:14','2017-02-08 11:58:14','41168ae8-c1c4-11e6-98c5-f0761c6b319e',NULL),(672,7,14,NULL,6,611,'N','2017-02-08 11:58:14','2017-02-08 11:58:14','41168ae8-c1c4-11e6-98c5-f0761c6b319e',NULL),(673,7,14,NULL,6,612,'N','2017-02-08 11:58:14','2017-02-08 11:58:14','41168ae8-c1c4-11e6-98c5-f0761c6b319e',NULL),(674,7,14,NULL,6,613,'N','2017-02-08 11:58:14','2017-02-08 11:58:14','41168ae8-c1c4-11e6-98c5-f0761c6b319e',NULL),(675,7,14,NULL,6,614,'N','2017-02-08 11:58:14','2017-02-08 11:58:14','41168ae8-c1c4-11e6-98c5-f0761c6b319e',NULL),(676,7,14,NULL,6,615,'N','2017-02-08 11:58:14','2017-02-08 11:58:14','41168ae8-c1c4-11e6-98c5-f0761c6b319e',NULL),(677,7,14,NULL,6,616,'N','2017-02-08 11:58:14','2017-02-08 11:58:14','41168ae8-c1c4-11e6-98c5-f0761c6b319e',NULL),(678,7,14,NULL,6,617,'N','2017-02-08 11:58:14','2017-02-08 11:58:14','41168ae8-c1c4-11e6-98c5-f0761c6b319e',NULL),(679,7,14,NULL,6,618,'N','2017-02-08 11:58:14','2017-02-08 11:58:14','41168ae8-c1c4-11e6-98c5-f0761c6b319e',NULL),(680,7,14,NULL,6,619,'N','2017-02-08 11:58:14','2017-02-08 11:58:14','41168ae8-c1c4-11e6-98c5-f0761c6b319e',NULL),(681,7,14,NULL,6,620,'N','2017-02-08 11:58:14','2017-02-08 11:58:14','41168ae8-c1c4-11e6-98c5-f0761c6b319e',NULL),(682,7,14,NULL,7,710,'N','2017-02-08 11:58:14','2017-02-08 11:58:14','41168ae8-c1c4-11e6-98c5-f0761c6b319e',NULL),(683,7,14,NULL,7,711,'N','2017-02-08 11:58:14','2017-02-08 11:58:14','41168ae8-c1c4-11e6-98c5-f0761c6b319e',NULL),(684,7,14,NULL,7,712,'N','2017-02-08 11:58:14','2017-02-08 11:58:14','41168ae8-c1c4-11e6-98c5-f0761c6b319e',NULL),(685,7,14,NULL,7,713,'N','2017-02-08 11:58:14','2017-02-08 11:58:14','41168ae8-c1c4-11e6-98c5-f0761c6b319e',NULL),(686,7,14,NULL,7,714,'N','2017-02-08 11:58:14','2017-02-08 11:58:14','41168ae8-c1c4-11e6-98c5-f0761c6b319e',NULL),(687,7,14,NULL,7,715,'N','2017-02-08 11:58:14','2017-02-08 11:58:14','41168ae8-c1c4-11e6-98c5-f0761c6b319e',NULL),(688,7,14,NULL,7,716,'N','2017-02-08 11:58:14','2017-02-08 11:58:14','41168ae8-c1c4-11e6-98c5-f0761c6b319e',NULL),(689,7,14,NULL,7,717,'N','2017-02-08 11:58:15','2017-02-08 11:58:15','41168ae8-c1c4-11e6-98c5-f0761c6b319e',NULL),(690,7,14,NULL,7,718,'N','2017-02-08 11:58:15','2017-02-08 11:58:15','41168ae8-c1c4-11e6-98c5-f0761c6b319e',NULL),(691,7,14,NULL,7,719,'N','2017-02-08 11:58:15','2017-02-08 11:58:15','41168ae8-c1c4-11e6-98c5-f0761c6b319e',NULL),(692,7,14,NULL,7,720,'N','2017-02-08 11:58:15','2017-02-08 11:58:15','41168ae8-c1c4-11e6-98c5-f0761c6b319e',NULL),(693,7,14,NULL,8,810,'N','2017-02-08 11:58:15','2017-02-08 11:58:15','41168ae8-c1c4-11e6-98c5-f0761c6b319e',NULL),(694,7,14,NULL,8,811,'N','2017-02-08 11:58:15','2017-02-08 11:58:15','41168ae8-c1c4-11e6-98c5-f0761c6b319e',NULL),(695,7,14,NULL,8,812,'N','2017-02-08 11:58:15','2017-02-08 11:58:15','41168ae8-c1c4-11e6-98c5-f0761c6b319e',NULL),(696,7,14,NULL,8,813,'N','2017-02-08 11:58:15','2017-02-08 11:58:15','41168ae8-c1c4-11e6-98c5-f0761c6b319e',NULL),(697,7,14,NULL,8,814,'N','2017-02-08 11:58:15','2017-02-08 11:58:15','41168ae8-c1c4-11e6-98c5-f0761c6b319e',NULL),(698,7,14,NULL,8,815,'N','2017-02-08 11:58:15','2017-02-08 11:58:15','41168ae8-c1c4-11e6-98c5-f0761c6b319e',NULL),(699,7,14,NULL,8,816,'N','2017-02-08 11:58:15','2017-02-08 11:58:15','41168ae8-c1c4-11e6-98c5-f0761c6b319e',NULL),(700,7,14,NULL,8,817,'N','2017-02-08 11:58:15','2017-02-08 11:58:15','41168ae8-c1c4-11e6-98c5-f0761c6b319e',NULL),(701,7,14,NULL,8,818,'N','2017-02-08 11:58:15','2017-02-08 11:58:15','41168ae8-c1c4-11e6-98c5-f0761c6b319e',NULL),(702,7,14,NULL,8,819,'N','2017-02-08 11:58:15','2017-02-08 11:58:15','41168ae8-c1c4-11e6-98c5-f0761c6b319e',NULL),(703,7,14,NULL,8,820,'N','2017-02-08 11:58:15','2017-02-08 11:58:15','41168ae8-c1c4-11e6-98c5-f0761c6b319e',NULL),(704,7,14,NULL,9,910,'N','2017-02-08 11:58:15','2017-02-08 11:58:15','41168ae8-c1c4-11e6-98c5-f0761c6b319e',NULL),(705,7,14,NULL,9,911,'N','2017-02-08 11:58:15','2017-02-08 11:58:15','41168ae8-c1c4-11e6-98c5-f0761c6b319e',NULL),(706,7,14,NULL,9,912,'N','2017-02-08 11:58:15','2017-02-08 11:58:15','41168ae8-c1c4-11e6-98c5-f0761c6b319e',NULL),(707,7,14,NULL,9,913,'N','2017-02-08 11:58:15','2017-02-08 11:58:15','41168ae8-c1c4-11e6-98c5-f0761c6b319e',NULL),(708,7,14,NULL,9,914,'N','2017-02-08 11:58:15','2017-02-08 11:58:15','41168ae8-c1c4-11e6-98c5-f0761c6b319e',NULL),(709,7,14,NULL,9,915,'N','2017-02-08 11:58:15','2017-02-08 11:58:15','41168ae8-c1c4-11e6-98c5-f0761c6b319e',NULL),(710,7,14,NULL,9,916,'N','2017-02-08 11:58:15','2017-02-08 11:58:15','41168ae8-c1c4-11e6-98c5-f0761c6b319e',NULL),(711,7,14,NULL,9,917,'N','2017-02-08 11:58:15','2017-02-08 11:58:15','41168ae8-c1c4-11e6-98c5-f0761c6b319e',NULL),(712,7,14,NULL,9,918,'N','2017-02-08 11:58:15','2017-02-08 11:58:15','41168ae8-c1c4-11e6-98c5-f0761c6b319e',NULL),(713,7,14,NULL,9,919,'N','2017-02-08 11:58:15','2017-02-08 11:58:15','41168ae8-c1c4-11e6-98c5-f0761c6b319e',NULL),(714,7,14,NULL,9,920,'N','2017-02-08 11:58:15','2017-02-08 11:58:15','41168ae8-c1c4-11e6-98c5-f0761c6b319e',NULL),(715,7,14,NULL,10,1010,'N','2017-02-08 11:58:15','2017-02-08 11:58:15','41168ae8-c1c4-11e6-98c5-f0761c6b319e',NULL),(716,7,14,NULL,10,1011,'N','2017-02-08 11:58:15','2017-02-08 11:58:15','41168ae8-c1c4-11e6-98c5-f0761c6b319e',NULL),(717,7,14,NULL,10,1012,'N','2017-02-08 11:58:15','2017-02-08 11:58:15','41168ae8-c1c4-11e6-98c5-f0761c6b319e',NULL),(718,7,14,NULL,10,1013,'N','2017-02-08 11:58:15','2017-02-08 11:58:15','41168ae8-c1c4-11e6-98c5-f0761c6b319e',NULL),(719,7,14,NULL,10,1014,'N','2017-02-08 11:58:15','2017-02-08 11:58:15','41168ae8-c1c4-11e6-98c5-f0761c6b319e',NULL),(720,7,14,NULL,10,1015,'N','2017-02-08 11:58:15','2017-02-08 11:58:15','41168ae8-c1c4-11e6-98c5-f0761c6b319e',NULL),(721,7,14,NULL,10,1016,'N','2017-02-08 11:58:15','2017-02-08 11:58:15','41168ae8-c1c4-11e6-98c5-f0761c6b319e',NULL),(722,7,14,NULL,10,1017,'N','2017-02-08 11:58:15','2017-02-08 11:58:15','41168ae8-c1c4-11e6-98c5-f0761c6b319e',NULL),(723,7,14,NULL,10,1018,'N','2017-02-08 11:58:15','2017-02-08 11:58:15','41168ae8-c1c4-11e6-98c5-f0761c6b319e',NULL),(724,7,14,NULL,10,1019,'N','2017-02-08 11:58:15','2017-02-08 11:58:15','41168ae8-c1c4-11e6-98c5-f0761c6b319e',NULL),(725,7,14,NULL,10,1020,'N','2017-02-08 11:58:15','2017-02-08 11:58:15','41168ae8-c1c4-11e6-98c5-f0761c6b319e',NULL),(726,7,15,NULL,1,105,'N','2017-02-08 11:58:15','2017-02-08 11:58:15','41168ae8-c1c4-11e6-98c5-f0761c6b319e',NULL),(727,7,15,NULL,1,106,'N','2017-02-08 11:58:15','2017-02-08 11:58:15','41168ae8-c1c4-11e6-98c5-f0761c6b319e',NULL),(728,7,15,NULL,1,107,'N','2017-02-08 11:58:15','2017-02-08 11:58:15','41168ae8-c1c4-11e6-98c5-f0761c6b319e',NULL),(729,7,15,NULL,1,108,'N','2017-02-08 11:58:15','2017-02-08 11:58:15','41168ae8-c1c4-11e6-98c5-f0761c6b319e',NULL),(730,7,15,NULL,1,109,'N','2017-02-08 11:58:15','2017-02-08 11:58:15','41168ae8-c1c4-11e6-98c5-f0761c6b319e',NULL),(731,7,15,NULL,2,205,'N','2017-02-08 11:58:15','2017-02-08 11:58:15','41168ae8-c1c4-11e6-98c5-f0761c6b319e',NULL),(732,7,15,NULL,2,206,'N','2017-02-08 11:58:15','2017-02-08 11:58:15','41168ae8-c1c4-11e6-98c5-f0761c6b319e',NULL),(733,7,15,NULL,2,207,'N','2017-02-08 11:58:15','2017-02-08 11:58:15','41168ae8-c1c4-11e6-98c5-f0761c6b319e',NULL),(734,7,15,NULL,2,208,'N','2017-02-08 11:58:15','2017-02-08 11:58:15','41168ae8-c1c4-11e6-98c5-f0761c6b319e',NULL),(735,7,15,NULL,2,209,'N','2017-02-08 11:58:15','2017-02-08 11:58:15','41168ae8-c1c4-11e6-98c5-f0761c6b319e',NULL),(736,7,15,NULL,3,305,'N','2017-02-08 11:58:15','2017-02-08 11:58:15','41168ae8-c1c4-11e6-98c5-f0761c6b319e',NULL),(737,7,15,NULL,3,306,'N','2017-02-08 11:58:15','2017-02-08 11:58:15','41168ae8-c1c4-11e6-98c5-f0761c6b319e',NULL),(738,7,15,NULL,3,307,'N','2017-02-08 11:58:15','2017-02-08 11:58:15','41168ae8-c1c4-11e6-98c5-f0761c6b319e',NULL),(739,7,15,NULL,3,308,'N','2017-02-08 11:58:15','2017-02-08 11:58:15','41168ae8-c1c4-11e6-98c5-f0761c6b319e',NULL),(740,7,15,NULL,3,309,'N','2017-02-08 11:58:15','2017-02-08 11:58:15','41168ae8-c1c4-11e6-98c5-f0761c6b319e',NULL),(741,7,15,NULL,4,405,'N','2017-02-08 11:58:15','2017-02-08 11:58:15','41168ae8-c1c4-11e6-98c5-f0761c6b319e',NULL),(742,7,15,NULL,4,406,'N','2017-02-08 11:58:15','2017-02-08 11:58:15','41168ae8-c1c4-11e6-98c5-f0761c6b319e',NULL),(743,7,15,NULL,4,407,'N','2017-02-08 11:58:15','2017-02-08 11:58:15','41168ae8-c1c4-11e6-98c5-f0761c6b319e',NULL),(744,7,15,NULL,4,408,'N','2017-02-08 11:58:15','2017-02-08 11:58:15','41168ae8-c1c4-11e6-98c5-f0761c6b319e',NULL),(745,7,15,NULL,4,409,'N','2017-02-08 11:58:15','2017-02-08 11:58:15','41168ae8-c1c4-11e6-98c5-f0761c6b319e',NULL),(746,7,15,NULL,5,505,'N','2017-02-08 11:58:15','2017-02-08 11:58:15','41168ae8-c1c4-11e6-98c5-f0761c6b319e',NULL),(747,7,15,NULL,5,506,'N','2017-02-08 11:58:15','2017-02-08 11:58:15','41168ae8-c1c4-11e6-98c5-f0761c6b319e',NULL),(748,7,15,NULL,5,507,'N','2017-02-08 11:58:15','2017-02-08 11:58:15','41168ae8-c1c4-11e6-98c5-f0761c6b319e',NULL),(749,7,15,NULL,5,508,'N','2017-02-08 11:58:15','2017-02-08 11:58:15','41168ae8-c1c4-11e6-98c5-f0761c6b319e',NULL),(750,7,15,NULL,5,509,'N','2017-02-08 11:58:15','2017-02-08 11:58:15','41168ae8-c1c4-11e6-98c5-f0761c6b319e',NULL),(751,7,16,NULL,1,102,'N','2017-02-08 11:58:15','2017-02-08 11:58:15','41168ae8-c1c4-11e6-98c5-f0761c6b319e',NULL),(752,7,16,NULL,1,103,'N','2017-02-08 11:58:15','2017-02-08 11:58:15','41168ae8-c1c4-11e6-98c5-f0761c6b319e',NULL),(753,7,16,NULL,1,104,'N','2017-02-08 11:58:15','2017-02-08 11:58:15','41168ae8-c1c4-11e6-98c5-f0761c6b319e',NULL),(754,7,16,NULL,1,105,'N','2017-02-08 11:58:15','2017-02-08 11:58:15','41168ae8-c1c4-11e6-98c5-f0761c6b319e',NULL),(755,7,16,NULL,1,106,'N','2017-02-08 11:58:15','2017-02-08 11:58:15','41168ae8-c1c4-11e6-98c5-f0761c6b319e',NULL),(756,7,16,NULL,2,202,'N','2017-02-08 11:58:15','2017-02-08 11:58:15','41168ae8-c1c4-11e6-98c5-f0761c6b319e',NULL),(757,7,16,NULL,2,203,'N','2017-02-08 11:58:15','2017-02-08 11:58:15','41168ae8-c1c4-11e6-98c5-f0761c6b319e',NULL),(758,7,16,NULL,2,204,'N','2017-02-08 11:58:15','2017-02-08 11:58:15','41168ae8-c1c4-11e6-98c5-f0761c6b319e',NULL),(759,7,16,NULL,2,205,'N','2017-02-08 11:58:15','2017-02-08 11:58:15','41168ae8-c1c4-11e6-98c5-f0761c6b319e',NULL),(760,7,16,NULL,2,206,'N','2017-02-08 11:58:15','2017-02-08 11:58:15','41168ae8-c1c4-11e6-98c5-f0761c6b319e',NULL),(761,7,16,NULL,3,302,'N','2017-02-08 11:58:15','2017-02-08 11:58:15','41168ae8-c1c4-11e6-98c5-f0761c6b319e',NULL),(762,7,16,NULL,3,303,'N','2017-02-08 11:58:15','2017-02-08 11:58:15','41168ae8-c1c4-11e6-98c5-f0761c6b319e',NULL),(763,7,16,NULL,3,304,'N','2017-02-08 11:58:15','2017-02-08 11:58:15','41168ae8-c1c4-11e6-98c5-f0761c6b319e',NULL),(764,7,16,NULL,3,305,'N','2017-02-08 11:58:15','2017-02-08 11:58:15','41168ae8-c1c4-11e6-98c5-f0761c6b319e',NULL),(765,7,16,NULL,3,306,'N','2017-02-08 11:58:15','2017-02-08 11:58:15','41168ae8-c1c4-11e6-98c5-f0761c6b319e',NULL),(766,7,16,NULL,4,402,'N','2017-02-08 11:58:15','2017-02-08 11:58:15','41168ae8-c1c4-11e6-98c5-f0761c6b319e',NULL),(767,7,16,NULL,4,403,'N','2017-02-08 11:58:15','2017-02-08 11:58:15','41168ae8-c1c4-11e6-98c5-f0761c6b319e',NULL),(768,7,16,NULL,4,404,'N','2017-02-08 11:58:15','2017-02-08 11:58:15','41168ae8-c1c4-11e6-98c5-f0761c6b319e',NULL),(769,7,16,NULL,4,405,'N','2017-02-08 11:58:15','2017-02-08 11:58:15','41168ae8-c1c4-11e6-98c5-f0761c6b319e',NULL),(770,7,16,NULL,4,406,'N','2017-02-08 11:58:15','2017-02-08 11:58:15','41168ae8-c1c4-11e6-98c5-f0761c6b319e',NULL),(771,7,16,NULL,5,502,'N','2017-02-08 11:58:15','2017-02-08 11:58:15','41168ae8-c1c4-11e6-98c5-f0761c6b319e',NULL),(772,7,16,NULL,5,503,'N','2017-02-08 11:58:15','2017-02-08 11:58:15','41168ae8-c1c4-11e6-98c5-f0761c6b319e',NULL),(773,7,16,NULL,5,504,'N','2017-02-08 11:58:15','2017-02-08 11:58:15','41168ae8-c1c4-11e6-98c5-f0761c6b319e',NULL),(774,7,16,NULL,5,505,'N','2017-02-08 11:58:15','2017-02-08 11:58:15','41168ae8-c1c4-11e6-98c5-f0761c6b319e',NULL),(775,7,16,NULL,5,506,'N','2017-02-08 11:58:15','2017-02-08 11:58:15','41168ae8-c1c4-11e6-98c5-f0761c6b319e',NULL),(776,7,16,NULL,6,602,'N','2017-02-08 11:58:15','2017-02-08 11:58:15','41168ae8-c1c4-11e6-98c5-f0761c6b319e',NULL),(777,7,16,NULL,6,603,'N','2017-02-08 11:58:15','2017-02-08 11:58:15','41168ae8-c1c4-11e6-98c5-f0761c6b319e',NULL),(778,7,16,NULL,6,604,'N','2017-02-08 11:58:15','2017-02-08 11:58:15','41168ae8-c1c4-11e6-98c5-f0761c6b319e',NULL),(779,7,16,NULL,6,605,'N','2017-02-08 11:58:15','2017-02-08 11:58:15','41168ae8-c1c4-11e6-98c5-f0761c6b319e',NULL),(780,7,16,NULL,6,606,'N','2017-02-08 11:58:15','2017-02-08 11:58:15','41168ae8-c1c4-11e6-98c5-f0761c6b319e',NULL),(781,7,16,NULL,7,702,'N','2017-02-08 11:58:15','2017-02-08 11:58:15','41168ae8-c1c4-11e6-98c5-f0761c6b319e',NULL),(782,7,16,NULL,7,703,'N','2017-02-08 11:58:15','2017-02-08 11:58:15','41168ae8-c1c4-11e6-98c5-f0761c6b319e',NULL),(783,7,16,NULL,7,704,'N','2017-02-08 11:58:15','2017-02-08 11:58:15','41168ae8-c1c4-11e6-98c5-f0761c6b319e',NULL),(784,7,16,NULL,7,705,'N','2017-02-08 11:58:15','2017-02-08 11:58:15','41168ae8-c1c4-11e6-98c5-f0761c6b319e',NULL),(785,7,16,NULL,7,706,'N','2017-02-08 11:58:15','2017-02-08 11:58:15','41168ae8-c1c4-11e6-98c5-f0761c6b319e',NULL),(786,7,16,NULL,8,802,'N','2017-02-08 11:58:15','2017-02-08 11:58:15','41168ae8-c1c4-11e6-98c5-f0761c6b319e',NULL),(787,7,16,NULL,8,803,'N','2017-02-08 11:58:15','2017-02-08 11:58:15','41168ae8-c1c4-11e6-98c5-f0761c6b319e',NULL),(788,7,16,NULL,8,804,'N','2017-02-08 11:58:15','2017-02-08 11:58:15','41168ae8-c1c4-11e6-98c5-f0761c6b319e',NULL),(789,7,16,NULL,8,805,'N','2017-02-08 11:58:15','2017-02-08 11:58:15','41168ae8-c1c4-11e6-98c5-f0761c6b319e',NULL),(790,7,16,NULL,8,806,'N','2017-02-08 11:58:15','2017-02-08 11:58:15','41168ae8-c1c4-11e6-98c5-f0761c6b319e',NULL),(791,7,16,NULL,9,902,'N','2017-02-08 11:58:15','2017-02-08 11:58:15','41168ae8-c1c4-11e6-98c5-f0761c6b319e',NULL),(792,7,16,NULL,9,903,'N','2017-02-08 11:58:15','2017-02-08 11:58:15','41168ae8-c1c4-11e6-98c5-f0761c6b319e',NULL),(793,7,16,NULL,9,904,'N','2017-02-08 11:58:15','2017-02-08 11:58:15','41168ae8-c1c4-11e6-98c5-f0761c6b319e',NULL),(794,7,16,NULL,9,905,'N','2017-02-08 11:58:16','2017-02-08 11:58:16','41168ae8-c1c4-11e6-98c5-f0761c6b319e',NULL),(795,7,16,NULL,9,906,'N','2017-02-08 11:58:16','2017-02-08 11:58:16','41168ae8-c1c4-11e6-98c5-f0761c6b319e',NULL),(796,7,17,NULL,1,101,'N','2017-02-08 15:35:40','2017-02-08 15:35:40','41168ae8-c1c4-11e6-98c5-f0761c6b319e',NULL),(797,7,17,NULL,1,102,'N','2017-02-08 15:35:40','2017-02-08 15:35:40','41168ae8-c1c4-11e6-98c5-f0761c6b319e',NULL),(798,7,17,NULL,1,103,'N','2017-02-08 15:35:40','2017-02-08 15:35:40','41168ae8-c1c4-11e6-98c5-f0761c6b319e',NULL),(799,7,17,NULL,1,104,'N','2017-02-08 15:35:40','2017-02-08 15:35:40','41168ae8-c1c4-11e6-98c5-f0761c6b319e',NULL),(800,7,17,NULL,1,105,'N','2017-02-08 15:35:40','2017-02-08 15:35:40','41168ae8-c1c4-11e6-98c5-f0761c6b319e',NULL),(801,7,17,NULL,2,201,'N','2017-02-08 15:35:40','2017-02-08 15:35:40','41168ae8-c1c4-11e6-98c5-f0761c6b319e',NULL),(802,7,17,NULL,2,202,'N','2017-02-08 15:35:40','2017-02-08 15:35:40','41168ae8-c1c4-11e6-98c5-f0761c6b319e',NULL),(803,7,17,NULL,2,203,'N','2017-02-08 15:35:40','2017-02-08 15:35:40','41168ae8-c1c4-11e6-98c5-f0761c6b319e',NULL),(804,7,17,NULL,2,204,'N','2017-02-08 15:35:40','2017-02-08 15:35:40','41168ae8-c1c4-11e6-98c5-f0761c6b319e',NULL),(805,7,17,NULL,2,205,'N','2017-02-08 15:35:40','2017-02-08 15:35:40','41168ae8-c1c4-11e6-98c5-f0761c6b319e',NULL),(806,7,17,NULL,3,301,'N','2017-02-08 15:35:40','2017-02-08 15:35:40','41168ae8-c1c4-11e6-98c5-f0761c6b319e',NULL),(807,7,17,NULL,3,302,'N','2017-02-08 15:35:40','2017-02-08 15:35:40','41168ae8-c1c4-11e6-98c5-f0761c6b319e',NULL),(808,7,17,NULL,3,303,'N','2017-02-08 15:35:40','2017-02-08 15:35:40','41168ae8-c1c4-11e6-98c5-f0761c6b319e',NULL),(809,7,17,NULL,3,304,'N','2017-02-08 15:35:40','2017-02-08 15:35:40','41168ae8-c1c4-11e6-98c5-f0761c6b319e',NULL),(810,7,17,NULL,3,305,'N','2017-02-08 15:35:40','2017-02-08 15:35:40','41168ae8-c1c4-11e6-98c5-f0761c6b319e',NULL),(811,7,17,NULL,4,401,'N','2017-02-08 15:35:40','2017-02-08 15:35:40','41168ae8-c1c4-11e6-98c5-f0761c6b319e',NULL),(812,7,17,NULL,4,402,'N','2017-02-08 15:35:40','2017-02-08 15:35:40','41168ae8-c1c4-11e6-98c5-f0761c6b319e',NULL),(813,7,17,NULL,4,403,'N','2017-02-08 15:35:40','2017-02-08 15:35:40','41168ae8-c1c4-11e6-98c5-f0761c6b319e',NULL),(814,7,17,NULL,4,404,'N','2017-02-08 15:35:40','2017-02-08 15:35:40','41168ae8-c1c4-11e6-98c5-f0761c6b319e',NULL),(815,7,17,NULL,4,405,'N','2017-02-08 15:35:40','2017-02-08 15:35:40','41168ae8-c1c4-11e6-98c5-f0761c6b319e',NULL),(816,7,17,NULL,5,501,'N','2017-02-08 15:35:40','2017-02-08 15:35:40','41168ae8-c1c4-11e6-98c5-f0761c6b319e',NULL),(817,7,17,NULL,5,502,'N','2017-02-08 15:35:40','2017-02-08 15:35:40','41168ae8-c1c4-11e6-98c5-f0761c6b319e',NULL),(818,7,17,NULL,5,503,'N','2017-02-08 15:35:40','2017-02-08 15:35:40','41168ae8-c1c4-11e6-98c5-f0761c6b319e',NULL),(819,7,17,NULL,5,504,'N','2017-02-08 15:35:40','2017-02-08 15:35:40','41168ae8-c1c4-11e6-98c5-f0761c6b319e',NULL),(820,7,17,NULL,5,505,'N','2017-02-08 15:35:40','2017-02-08 15:35:40','41168ae8-c1c4-11e6-98c5-f0761c6b319e',NULL);
/*!40000 ALTER TABLE `flat_dtls` ENABLE KEYS */;
UNLOCK TABLES;

--
-- Table structure for table `flat_message_dtls`
--

DROP TABLE IF EXISTS `flat_message_dtls`;
/*!40101 SET @saved_cs_client     = @@character_set_client */;
/*!40101 SET character_set_client = utf8 */;
CREATE TABLE `flat_message_dtls` (
  `FLAT_MESSAGE_DTLS_ID` int(11) NOT NULL AUTO_INCREMENT,
  `SENDER_FLAT_DTLS_ID` int(11) DEFAULT NULL,
  `RECIEVER_FLAT_DTLS_ID` int(11) DEFAULT NULL,
  `MESSAGE` varchar(100) DEFAULT NULL,
  `IS_READ` enum('y','n') DEFAULT NULL,
  `IS_REPLIED` enum('y','n') DEFAULT NULL,
  `MESSAGE_STATUS` enum('active','inactive') DEFAULT NULL,
  `IS_SENDER_MSSG_DELETED` enum('y','n') DEFAULT NULL,
  `IS_RECIEVER_MSSG_DELETED` enum('y','n') DEFAULT NULL,
  `CREATED_TS` timestamp NULL DEFAULT NULL,
  `MODIFIED_TS` timestamp NULL DEFAULT NULL,
  `CREATED_BY` char(36) DEFAULT NULL,
  `MODIFIED_BY` char(36) DEFAULT NULL,
  PRIMARY KEY (`FLAT_MESSAGE_DTLS_ID`)
) ENGINE=InnoDB DEFAULT CHARSET=utf8;
/*!40101 SET character_set_client = @saved_cs_client */;

--
-- Dumping data for table `flat_message_dtls`
--

LOCK TABLES `flat_message_dtls` WRITE;
/*!40000 ALTER TABLE `flat_message_dtls` DISABLE KEYS */;
/*!40000 ALTER TABLE `flat_message_dtls` ENABLE KEYS */;
UNLOCK TABLES;

--
-- Table structure for table `master_data`
--

DROP TABLE IF EXISTS `master_data`;
/*!40101 SET @saved_cs_client     = @@character_set_client */;
/*!40101 SET character_set_client = utf8 */;
CREATE TABLE `master_data` (
  `MASTER_DATA_ID` int(11) NOT NULL AUTO_INCREMENT,
  `GRP` varchar(100) NOT NULL,
  `SUB_GROUP` varchar(150) DEFAULT NULL,
  `DISPLAY_TEXT` varchar(100) DEFAULT NULL,
  `VALUE` varchar(50) DEFAULT NULL,
  `CODE` varchar(10) DEFAULT NULL,
  `DESCRIPTION` varchar(300) DEFAULT NULL,
  `IS_ACTIVE` enum('Y','N') DEFAULT NULL,
  `CREATED_TS` timestamp NULL DEFAULT CURRENT_TIMESTAMP,
  `MODIFIED_TS` timestamp NULL DEFAULT CURRENT_TIMESTAMP ON UPDATE CURRENT_TIMESTAMP,
  `CREATED_BY` char(36) DEFAULT NULL,
  `MODIFIED_BY` char(36) DEFAULT NULL,
  PRIMARY KEY (`MASTER_DATA_ID`)
) ENGINE=InnoDB AUTO_INCREMENT=3 DEFAULT CHARSET=utf8;
/*!40101 SET character_set_client = @saved_cs_client */;

--
-- Dumping data for table `master_data`
--

LOCK TABLES `master_data` WRITE;
/*!40000 ALTER TABLE `master_data` DISABLE KEYS */;
INSERT INTO `master_data` VALUES (1,'expertise','expertise.plumber','Plumber',NULL,NULL,NULL,'Y','2017-02-06 15:09:07','2017-02-06 15:09:07',NULL,NULL),(2,'expertise','expertise.electrician','Electrician',NULL,NULL,NULL,'Y','2017-02-06 15:09:07','2017-02-06 15:09:07',NULL,NULL);
/*!40000 ALTER TABLE `master_data` ENABLE KEYS */;
UNLOCK TABLES;

--
-- Table structure for table `roles_master`
--

DROP TABLE IF EXISTS `roles_master`;
/*!40101 SET @saved_cs_client     = @@character_set_client */;
/*!40101 SET character_set_client = utf8 */;
CREATE TABLE `roles_master` (
  `ROLES_MASTER_ID` int(11) NOT NULL AUTO_INCREMENT,
  `ROLE_NM` varchar(50) DEFAULT NULL,
  `CREATED_TS` timestamp NULL DEFAULT NULL,
  `MODIFIED_TS` timestamp NULL DEFAULT NULL,
  `CREATED_BY` char(36) DEFAULT NULL,
  `MODIFIED_BY` char(36) DEFAULT NULL,
  PRIMARY KEY (`ROLES_MASTER_ID`)
) ENGINE=InnoDB AUTO_INCREMENT=2 DEFAULT CHARSET=utf8;
/*!40101 SET character_set_client = @saved_cs_client */;

--
-- Dumping data for table `roles_master`
--

LOCK TABLES `roles_master` WRITE;
/*!40000 ALTER TABLE `roles_master` DISABLE KEYS */;
INSERT INTO `roles_master` VALUES (1,'Admin',NULL,NULL,NULL,NULL);
/*!40000 ALTER TABLE `roles_master` ENABLE KEYS */;
UNLOCK TABLES;

--
-- Table structure for table `society_addr_dtls`
--

DROP TABLE IF EXISTS `society_addr_dtls`;
/*!40101 SET @saved_cs_client     = @@character_set_client */;
/*!40101 SET character_set_client = utf8 */;
CREATE TABLE `society_addr_dtls` (
  `SOCIETY_ADDR_DTLS_ID` int(11) NOT NULL AUTO_INCREMENT,
  `ST_ADDR` varchar(200) DEFAULT NULL,
  `LANDMARK` varchar(50) DEFAULT NULL,
  `AREA_DTLS_ID` int(11) DEFAULT NULL,
  `PINCODE` varchar(10) DEFAULT NULL,
  `CREATED_TS` timestamp NULL DEFAULT NULL,
  `MODIFIED_TS` timestamp NULL DEFAULT NULL,
  `CREATED_BY` char(36) DEFAULT NULL,
  `MODIFIED_BY` char(36) DEFAULT NULL,
  PRIMARY KEY (`SOCIETY_ADDR_DTLS_ID`),
  KEY `fk_society_addr_idx` (`AREA_DTLS_ID`),
  CONSTRAINT `fk_society_addr` FOREIGN KEY (`AREA_DTLS_ID`) REFERENCES `area_dtls` (`AREA_DTLS_ID`) ON DELETE CASCADE ON UPDATE CASCADE
) ENGINE=InnoDB AUTO_INCREMENT=8 DEFAULT CHARSET=utf8;
/*!40101 SET character_set_client = @saved_cs_client */;

--
-- Dumping data for table `society_addr_dtls`
--

LOCK TABLES `society_addr_dtls` WRITE;
/*!40000 ALTER TABLE `society_addr_dtls` DISABLE KEYS */;
INSERT INTO `society_addr_dtls` VALUES (2,'Manjari updt','Karnataka d',1,'591214',NULL,NULL,'41168ae8-c1c4-11e6-98c5-f0761c6b319e',NULL),(3,'Manjari','Karnataka',1,'591213',NULL,NULL,'41168ae8-c1c4-11e6-98c5-f0761c6b319e',NULL),(4,'Manjari','Near Shivaji Chowk',2,'591213',NULL,NULL,'41168ae8-c1c4-11e6-98c5-f0761c6b319e',NULL),(5,'Manjari','Shivaji Chowk',2,'591213',NULL,NULL,'41168ae8-c1c4-11e6-98c5-f0761c6b319e',NULL),(7,'Manjari','Shivahi Chowk',5,'591213',NULL,NULL,'41168ae8-c1c4-11e6-98c5-f0761c6b319e','41168ae8-c1c4-11e6-98c5-f0761c6b319e');
/*!40000 ALTER TABLE `society_addr_dtls` ENABLE KEYS */;
UNLOCK TABLES;

--
-- Table structure for table `society_dtls`
--

DROP TABLE IF EXISTS `society_dtls`;
/*!40101 SET @saved_cs_client     = @@character_set_client */;
/*!40101 SET character_set_client = utf8 */;
CREATE TABLE `society_dtls` (
  `SOCIETY_DTLS_ID` int(11) NOT NULL AUTO_INCREMENT,
  `SOCIETY_NM` varchar(100) DEFAULT NULL,
  `SOCIETY_ADDR_DTLS_ID` int(11) DEFAULT NULL,
  `NUM_OF_BUILDINGS` int(11) DEFAULT NULL,
  `IS_ACTIVE` enum('y','n') DEFAULT NULL,
  `CREATED_TS` timestamp NULL DEFAULT NULL,
  `MODIFIED_TS` timestamp NULL DEFAULT NULL,
  `CREATED_BY` char(36) DEFAULT NULL,
  `MODIFIED_BY` char(36) DEFAULT NULL,
  PRIMARY KEY (`SOCIETY_DTLS_ID`)
) ENGINE=InnoDB AUTO_INCREMENT=8 DEFAULT CHARSET=utf8;
/*!40101 SET character_set_client = @saved_cs_client */;

--
-- Dumping data for table `society_dtls`
--

LOCK TABLES `society_dtls` WRITE;
/*!40000 ALTER TABLE `society_dtls` DISABLE KEYS */;
INSERT INTO `society_dtls` VALUES (3,'AS Society',3,1,'y',NULL,NULL,'41168ae8-c1c4-11e6-98c5-f0761c6b319e',NULL),(5,'AS Society',5,3,'y',NULL,NULL,'41168ae8-c1c4-11e6-98c5-f0761c6b319e',NULL),(7,'AS Society Up',7,4,'y',NULL,NULL,'41168ae8-c1c4-11e6-98c5-f0761c6b319e','41168ae8-c1c4-11e6-98c5-f0761c6b319e');
/*!40000 ALTER TABLE `society_dtls` ENABLE KEYS */;
UNLOCK TABLES;

--
-- Table structure for table `state_dtls`
--

DROP TABLE IF EXISTS `state_dtls`;
/*!40101 SET @saved_cs_client     = @@character_set_client */;
/*!40101 SET character_set_client = utf8 */;
CREATE TABLE `state_dtls` (
  `STATE_DTLS_ID` int(11) NOT NULL AUTO_INCREMENT,
  `COUNTRY_DTLS_ID` int(11) DEFAULT NULL,
  `STATE_NM` varchar(50) DEFAULT NULL,
  `STATE_DESC` varchar(300) DEFAULT NULL,
  `STATE_CODE` varchar(5) DEFAULT NULL,
  `LONGITUDE` decimal(10,7) DEFAULT NULL,
  `LATITUDE` decimal(10,7) DEFAULT NULL,
  `IS_ACTIVE` enum('Y','N') DEFAULT NULL,
  `CREATED_TS` timestamp NULL DEFAULT CURRENT_TIMESTAMP,
  `MODIFIED_TS` timestamp NULL DEFAULT CURRENT_TIMESTAMP ON UPDATE CURRENT_TIMESTAMP,
  `CREATED_BY` char(36) DEFAULT NULL,
  `MODIFIED_BY` char(36) DEFAULT NULL,
  PRIMARY KEY (`STATE_DTLS_ID`),
  KEY `COUNTRY_DTLS_ID_idx` (`COUNTRY_DTLS_ID`),
  CONSTRAINT `COUNTRY_DTLS_ID` FOREIGN KEY (`COUNTRY_DTLS_ID`) REFERENCES `country_dtls` (`COUNTRY_DTLS_ID`) ON DELETE NO ACTION ON UPDATE CASCADE,
  CONSTRAINT `state_dtls_ibfk_1` FOREIGN KEY (`COUNTRY_DTLS_ID`) REFERENCES `country_dtls` (`COUNTRY_DTLS_ID`)
) ENGINE=InnoDB AUTO_INCREMENT=7 DEFAULT CHARSET=utf8;
/*!40101 SET character_set_client = @saved_cs_client */;

--
-- Dumping data for table `state_dtls`
--

LOCK TABLES `state_dtls` WRITE;
/*!40000 ALTER TABLE `state_dtls` DISABLE KEYS */;
INSERT INTO `state_dtls` VALUES (5,1,'Karnataka',NULL,NULL,NULL,NULL,'Y','2017-02-06 14:14:20','2017-02-06 14:14:20',NULL,NULL),(6,1,'Maharastra',NULL,NULL,NULL,NULL,'Y','2017-02-06 14:14:20','2017-02-06 14:14:20',NULL,NULL);
/*!40000 ALTER TABLE `state_dtls` ENABLE KEYS */;
UNLOCK TABLES;

--
-- Table structure for table `vendor_addr_dtls`
--

DROP TABLE IF EXISTS `vendor_addr_dtls`;
/*!40101 SET @saved_cs_client     = @@character_set_client */;
/*!40101 SET character_set_client = utf8 */;
CREATE TABLE `vendor_addr_dtls` (
  `VENDOR_ADDR_DTLS_ID` int(11) NOT NULL AUTO_INCREMENT,
  `ST_ADDR` varchar(200) DEFAULT NULL,
  `LANDMARK` varchar(50) DEFAULT NULL,
  `AREA_DTLS_ID` int(11) DEFAULT NULL,
  `PINCODE` varchar(10) DEFAULT NULL,
  `CREATED_TS` timestamp NULL DEFAULT CURRENT_TIMESTAMP,
  `MODIFIED_TS` timestamp NULL DEFAULT CURRENT_TIMESTAMP ON UPDATE CURRENT_TIMESTAMP,
  `CREATED_BY` char(36) DEFAULT NULL,
  `MODIFIED_BY` char(36) DEFAULT NULL,
  PRIMARY KEY (`VENDOR_ADDR_DTLS_ID`)
) ENGINE=InnoDB AUTO_INCREMENT=2 DEFAULT CHARSET=utf8;
/*!40101 SET character_set_client = @saved_cs_client */;

--
-- Dumping data for table `vendor_addr_dtls`
--

LOCK TABLES `vendor_addr_dtls` WRITE;
/*!40000 ALTER TABLE `vendor_addr_dtls` DISABLE KEYS */;
INSERT INTO `vendor_addr_dtls` VALUES (1,'Manjari updt','Near Shivaji Chowk updt',5,'591214',NULL,'2017-02-07 07:45:14','41168ae8-c1c4-11e6-98c5-f0761c6b319e','41168ae8-c1c4-11e6-98c5-f0761c6b319e');
/*!40000 ALTER TABLE `vendor_addr_dtls` ENABLE KEYS */;
UNLOCK TABLES;

--
-- Table structure for table `vendor_dtls`
--

DROP TABLE IF EXISTS `vendor_dtls`;
/*!40101 SET @saved_cs_client     = @@character_set_client */;
/*!40101 SET character_set_client = utf8 */;
CREATE TABLE `vendor_dtls` (
  `VENDOR_DTLS_ID` int(11) NOT NULL AUTO_INCREMENT,
  `SOCIETY_DTLS_ID` int(11) DEFAULT NULL,
  `FIRST_NM` varchar(100) DEFAULT NULL,
  `LAST_NM` varchar(100) DEFAULT NULL,
  `CNTC_NUM` varchar(40) DEFAULT NULL,
  `ALTR_CNTC_NUM` varchar(40) DEFAULT NULL,
  `EXPERTISE_CD` int(11) DEFAULT NULL,
  `VENDOR_ADDR_DTLS_ID` int(11) DEFAULT NULL,
  `IS_ACTIVE` enum('Y','N') DEFAULT NULL,
  `CREATED_TS` timestamp NULL DEFAULT CURRENT_TIMESTAMP,
  `MODIFIED_TS` timestamp NULL DEFAULT CURRENT_TIMESTAMP ON UPDATE CURRENT_TIMESTAMP,
  `CREATED_BY` char(36) DEFAULT NULL,
  `MODIFIED_BY` char(36) DEFAULT NULL,
  PRIMARY KEY (`VENDOR_DTLS_ID`)
) ENGINE=InnoDB AUTO_INCREMENT=2 DEFAULT CHARSET=utf8;
/*!40101 SET character_set_client = @saved_cs_client */;

--
-- Dumping data for table `vendor_dtls`
--

LOCK TABLES `vendor_dtls` WRITE;
/*!40000 ALTER TABLE `vendor_dtls` DISABLE KEYS */;
INSERT INTO `vendor_dtls` VALUES (1,1,'Santosh updt','Rode updt','9686062892','7058052512',2,1,'Y',NULL,'2017-02-07 10:09:54','41168ae8-c1c4-11e6-98c5-f0761c6b319e','41168ae8-c1c4-11e6-98c5-f0761c6b319e');
/*!40000 ALTER TABLE `vendor_dtls` ENABLE KEYS */;
UNLOCK TABLES;
/*!40103 SET TIME_ZONE=@OLD_TIME_ZONE */;

/*!40101 SET SQL_MODE=@OLD_SQL_MODE */;
/*!40014 SET FOREIGN_KEY_CHECKS=@OLD_FOREIGN_KEY_CHECKS */;
/*!40014 SET UNIQUE_CHECKS=@OLD_UNIQUE_CHECKS */;
/*!40101 SET CHARACTER_SET_CLIENT=@OLD_CHARACTER_SET_CLIENT */;
/*!40101 SET CHARACTER_SET_RESULTS=@OLD_CHARACTER_SET_RESULTS */;
/*!40101 SET COLLATION_CONNECTION=@OLD_COLLATION_CONNECTION */;
/*!40111 SET SQL_NOTES=@OLD_SQL_NOTES */;

-- Dump completed on 2017-02-09 17:11:28
